{"elements":[{"from":[-3.6999999999999993,-13.33641737302187,10.919401880480585],"to":[19.7,10.063582626978128,10.919401880480585],"rotation":{"angle":0,"axis":"y","origin":[8,-1.636417373021871,10.919401880480585]},"faces":{"north":{"uv":[0,16,16,0],"texture":"#0"},"east":{"uv":[0,16,0,0],"texture":"#0"},"south":{"uv":[0,16,16,0],"texture":"#0"},"west":{"uv":[0,16,0,0],"texture":"#0"},"up":{"uv":[0,0,16,0],"texture":"#0"},"down":{"uv":[0,0,16,0],"texture":"#0"}}}],"textures":{"0":"block/ramiel_triangle","1":"block/ramiel_solid","2":"block/ramiel_emitter","4":"block/ramiel_inners","5":"block/transparent_vertical_shell","6":"block/transparent_verticals"},"display":{"head":{"translation":[0,-6.4,0],"scale":[3.2,3.2,3.2],"rotation":[0,180,0]}}}