{"elements":[{"from":[-3.6999999999999993,5.936417373021872,10.919401880480585],"to":[19.7,29.33641737302187,10.919401880480585],"rotation":{"angle":0,"axis":"y","origin":[8,17.63641737302187,10.919401880480585]},"faces":{"north":{"uv":[0,0,16,16],"texture":"#5"},"east":{"uv":[0,0,0,16],"texture":"#5"},"south":{"uv":[0,0,16,16],"texture":"#5"},"west":{"uv":[0,0,0,16],"texture":"#5"},"up":{"uv":[0,0,16,0],"texture":"#5"},"down":{"uv":[0,0,16,0],"texture":"#5"}}}],"textures":{"0":"block/ramiel_triangle","1":"block/ramiel_solid","2":"block/ramiel_emitter","4":"block/ramiel_inners","5":"block/transparent_vertical_shell","6":"block/transparent_verticals"},"display":{"head":{"translation":[0,-6.4,0],"scale":[3.2,3.2,3.2],"rotation":[0,180,0]}}}