{"elements":[{"from":[-3.700000000000003,-13.336825693799454,10.919690453075601],"to":[19.699999999999996,10.063174306200544,10.919690453075601],"rotation":{"angle":0,"axis":"y","origin":[7.9999999999999964,-1.6368256937994534,10.919690453075601]},"faces":{"north":{"uv":[0,16,16,0],"texture":"#0"},"east":{"uv":[0,16,0,0],"texture":"#0"},"south":{"uv":[0,16,16,0],"texture":"#0"},"west":{"uv":[0,16,0,0],"texture":"#0"},"up":{"uv":[0,0,16,0],"texture":"#0"},"down":{"uv":[0,0,16,0],"texture":"#0"}}}],"textures":{"0":"block/ramiel_triangle","1":"block/ramiel_solid","2":"block/ramiel_emitter","4":"block/ramiel_inners","5":"block/transparent_vertical_shell","6":"block/transparent_verticals"},"display":{"head":{"translation":[0,-6.4,0],"scale":[3.2,3.2,3.2],"rotation":[0,180,0]}}}